employee_id,name,position,salary,department_id
1,Nhân viên 1,Marketing,1637,4
2,Nhân viên 2,Tuyển dụng,1748,4
3,Nhân viên 3,Kế toán,936,3
4,Nhân viên 4,Quản lý dự án,917,3
5,Nhân viên 5,Chuyên viên,1314,4
6,Nhân viên 6,Kỹ sư phần mềm,1156,1
7,Nhân viên 7,Kỹ sư phần mềm,1627,3
8,Nhân viên 8,Nhân viên,937,6
9,Nhân viên 9,Nhân viên,508,7
10,Nhân viên 10,Quản lý dự án,560,9
11,Nhân viên 11,Quản lý,1532,3
12,Nhân viên 12,Marketing,1506,3
13,Nhân viên 13,Tuyển dụng,1338,4
14,Nhân viên 14,Quản lý,1249,8
15,Nhân viên 15,Quản lý,860,2
16,Nhân viên 16,Kế toán,1390,9
17,Nhân viên 17,Chuyên viên,906,5
18,Nhân viên 18,Nhân viên,1585,5
19,Nhân viên 19,Marketing,956,1
20,Nhân viên 20,Marketing,1907,4
21,Nhân viên 21,Kỹ sư phần mềm,1516,1
22,Nhân viên 22,Quản lý,923,2
23,Nhân viên 23,Kỹ sư phần mềm,1084,8
24,Nhân viên 24,Kỹ sư phần mềm,1460,3
25,Nhân viên 25,Kế toán,1290,5
26,Nhân viên 26,Quản lý dự án,1094,2
27,Nhân viên 27,Quản lý dự án,773,4
28,Nhân viên 28,Kế toán,1127,9
29,Nhân viên 29,Marketing,1453,9
30,Nhân viên 30,Chuyên viên,1233,1
31,Nhân viên 31,Quản lý dự án,619,1
32,Nhân viên 32,Kế toán,1338,6
33,Nhân viên 33,Quản lý,1533,3
34,Nhân viên 34,Chuyên viên,600,5
35,Nhân viên 35,Chuyên viên,680,6
36,Nhân viên 36,Chuyên viên,1026,1
37,Nhân viên 37,Quản lý,1372,1
38,Nhân viên 38,Kỹ sư phần mềm,1955,6
39,Nhân viên 39,Tuyển dụng,1215,6
40,Nhân viên 40,Quản lý,1928,1
41,Nhân viên 41,Marketing,643,10
42,Nhân viên 42,Marketing,931,6
43,Nhân viên 43,Kỹ sư phần mềm,1370,4
44,Nhân viên 44,Quản lý dự án,1625,6
45,Nhân viên 45,Quản lý dự án,1046,8
46,Nhân viên 46,Tuyển dụng,1408,3
47,Nhân viên 47,Tuyển dụng,1784,10
48,Nhân viên 48,Chuyên viên,1684,8
49,Nhân viên 49,Quản lý dự án,1263,5
50,Nhân viên 50,Tuyển dụng,1639,10
51,Nhân viên 51,Tuyển dụng,1803,8
52,Nhân viên 52,Chuyên viên,504,6
53,Nhân viên 53,Tuyển dụng,1344,9
54,Nhân viên 54,Kỹ sư phần mềm,1172,5
55,Nhân viên 55,Kế toán,1311,5
56,Nhân viên 56,Chuyên viên,684,4
57,Nhân viên 57,Quản lý dự án,756,8
58,Nhân viên 58,Tuyển dụng,629,9
59,Nhân viên 59,Quản lý,841,9
60,Nhân viên 60,Quản lý,1913,5
61,Nhân viên 61,Marketing,1844,9
62,Nhân viên 62,Marketing,1368,5
63,Nhân viên 63,Tuyển dụng,752,10
64,Nhân viên 64,Marketing,756,7
65,Nhân viên 65,Kỹ sư phần mềm,1368,8
66,Nhân viên 66,Quản lý dự án,1253,4
67,Nhân viên 67,Quản lý dự án,1598,2
68,Nhân viên 68,Kỹ sư phần mềm,569,7
69,Nhân viên 69,Chuyên viên,745,4
70,Nhân viên 70,Kế toán,689,5
71,Nhân viên 71,Nhân viên,1079,5
72,Nhân viên 72,Quản lý dự án,1606,10
73,Nhân viên 73,Chuyên viên,1931,6
74,Nhân viên 74,Quản lý,743,7
75,Nhân viên 75,Quản lý dự án,1837,3
76,Nhân viên 76,Quản lý,1434,8
77,Nhân viên 77,Kỹ sư phần mềm,1969,4
78,Nhân viên 78,Tuyển dụng,1483,7
79,Nhân viên 79,Nhân viên,1629,7
80,Nhân viên 80,Kế toán,1566,6
81,Nhân viên 81,Kỹ sư phần mềm,1598,3
82,Nhân viên 82,Quản lý,716,3
83,Nhân viên 83,Kỹ sư phần mềm,1019,5
84,Nhân viên 84,Quản lý,1001,2
85,Nhân viên 85,Marketing,1863,9
86,Nhân viên 86,Kế toán,1230,6
87,Nhân viên 87,Quản lý dự án,859,5
88,Nhân viên 88,Marketing,1229,2
89,Nhân viên 89,Kỹ sư phần mềm,1405,4
90,Nhân viên 90,Kỹ sư phần mềm,1721,8
91,Nhân viên 91,Quản lý,1290,2
92,Nhân viên 92,Marketing,726,9
93,Nhân viên 93,Marketing,1797,8
94,Nhân viên 94,Nhân viên,674,10
95,Nhân viên 95,Chuyên viên,655,1
96,Nhân viên 96,Quản lý,834,2
97,Nhân viên 97,Marketing,1820,7
98,Nhân viên 98,Quản lý,1969,1
99,Nhân viên 99,Tuyển dụng,1058,3
100,Nhân viên 100,Marketing,1164,7
101,Nhân viên 101,Chuyên viên,1999,7
102,Nhân viên 102,Quản lý,721,7
103,Nhân viên 103,Kỹ sư phần mềm,679,4
104,Nhân viên 104,Nhân viên,1666,3
105,Nhân viên 105,Tuyển dụng,921,4
106,Nhân viên 106,Kế toán,1193,8
107,Nhân viên 107,Quản lý,1006,3
108,Nhân viên 108,Marketing,1410,6
109,Nhân viên 109,Nhân viên,898,7
110,Nhân viên 110,Quản lý dự án,1047,2
111,Nhân viên 111,Kỹ sư phần mềm,1200,7
112,Nhân viên 112,Nhân viên,1927,10
113,Nhân viên 113,Tuyển dụng,1915,3
114,Nhân viên 114,Quản lý dự án,1027,7
115,Nhân viên 115,Kế toán,1558,3
116,Nhân viên 116,Chuyên viên,655,2
117,Nhân viên 117,Tuyển dụng,569,10
118,Nhân viên 118,Marketing,1601,2
119,Nhân viên 119,Nhân viên,922,9
120,Nhân viên 120,Tuyển dụng,1578,6
121,Nhân viên 121,Nhân viên,547,6
122,Nhân viên 122,Kỹ sư phần mềm,744,6
123,Nhân viên 123,Kỹ sư phần mềm,976,7
124,Nhân viên 124,Kỹ sư phần mềm,927,6
125,Nhân viên 125,Nhân viên,1752,4
126,Nhân viên 126,Chuyên viên,1496,1
127,Nhân viên 127,Quản lý dự án,1760,7
128,Nhân viên 128,Marketing,1673,5
129,Nhân viên 129,Kế toán,999,9
130,Nhân viên 130,Marketing,1526,7
131,Nhân viên 131,Kế toán,909,5
132,Nhân viên 132,Quản lý dự án,551,1
133,Nhân viên 133,Kế toán,1444,3
134,Nhân viên 134,Chuyên viên,1275,3
135,Nhân viên 135,Kế toán,695,3
136,Nhân viên 136,Kỹ sư phần mềm,1453,4
137,Nhân viên 137,Tuyển dụng,1067,1
138,Nhân viên 138,Quản lý dự án,1411,8
139,Nhân viên 139,Quản lý dự án,1975,9
140,Nhân viên 140,Quản lý,1375,2
141,Nhân viên 141,Kế toán,642,1
142,Nhân viên 142,Nhân viên,778,6
143,Nhân viên 143,Kế toán,1258,3
144,Nhân viên 144,Chuyên viên,861,5
145,Nhân viên 145,Marketing,632,1
146,Nhân viên 146,Quản lý dự án,1012,10
147,Nhân viên 147,Tuyển dụng,1724,2
148,Nhân viên 148,Marketing,1578,10
149,Nhân viên 149,Chuyên viên,1018,3
150,Nhân viên 150,Quản lý,563,1
151,Nhân viên 151,Kế toán,544,6
152,Nhân viên 152,Chuyên viên,1931,4
153,Nhân viên 153,Nhân viên,1965,7
154,Nhân viên 154,Chuyên viên,1594,9
155,Nhân viên 155,Marketing,1557,7
156,Nhân viên 156,Nhân viên,923,7
157,Nhân viên 157,Chuyên viên,1101,8
158,Nhân viên 158,Kỹ sư phần mềm,1767,10
159,Nhân viên 159,Kế toán,721,3
160,Nhân viên 160,Marketing,1472,9
161,Nhân viên 161,Tuyển dụng,1152,8
162,Nhân viên 162,Kế toán,1349,6
163,Nhân viên 163,Kế toán,1581,1
164,Nhân viên 164,Tuyển dụng,702,3
165,Nhân viên 165,Quản lý,613,2
166,Nhân viên 166,Tuyển dụng,1074,6
167,Nhân viên 167,Chuyên viên,1154,1
168,Nhân viên 168,Tuyển dụng,791,5
169,Nhân viên 169,Chuyên viên,685,8
170,Nhân viên 170,Kế toán,1413,5
171,Nhân viên 171,Kỹ sư phần mềm,1137,2
172,Nhân viên 172,Marketing,908,3
173,Nhân viên 173,Quản lý dự án,983,4
174,Nhân viên 174,Nhân viên,530,2
175,Nhân viên 175,Quản lý,586,10
176,Nhân viên 176,Nhân viên,611,10
177,Nhân viên 177,Marketing,1045,6
178,Nhân viên 178,Chuyên viên,1421,9
179,Nhân viên 179,Chuyên viên,1727,4
180,Nhân viên 180,Kế toán,666,5
181,Nhân viên 181,Quản lý dự án,1619,9
182,Nhân viên 182,Marketing,1624,9
183,Nhân viên 183,Kỹ sư phần mềm,863,9
184,Nhân viên 184,Quản lý dự án,1898,5
185,Nhân viên 185,Kế toán,1635,3
186,Nhân viên 186,Quản lý dự án,931,7
187,Nhân viên 187,Marketing,539,10
188,Nhân viên 188,Kỹ sư phần mềm,845,9
189,Nhân viên 189,Tuyển dụng,1111,2
190,Nhân viên 190,Kế toán,916,2
191,Nhân viên 191,Chuyên viên,1060,7
192,Nhân viên 192,Tuyển dụng,1902,3
193,Nhân viên 193,Chuyên viên,1338,7
194,Nhân viên 194,Nhân viên,638,8
195,Nhân viên 195,Chuyên viên,1077,1
196,Nhân viên 196,Tuyển dụng,756,9
197,Nhân viên 197,Kỹ sư phần mềm,640,10
198,Nhân viên 198,Quản lý,892,9
199,Nhân viên 199,Marketing,869,5
200,Nhân viên 200,Kế toán,1120,5
201,Nhân viên 201,Kỹ sư phần mềm,1609,4
202,Nhân viên 202,Quản lý,1450,10
203,Nhân viên 203,Quản lý,546,9
204,Nhân viên 204,Kỹ sư phần mềm,1704,7
205,Nhân viên 205,Quản lý,621,8
206,Nhân viên 206,Quản lý,651,9
207,Nhân viên 207,Chuyên viên,1163,7
208,Nhân viên 208,Kế toán,1291,4
209,Nhân viên 209,Nhân viên,575,1
210,Nhân viên 210,Quản lý dự án,513,5
211,Nhân viên 211,Nhân viên,1895,9
212,Nhân viên 212,Quản lý dự án,511,8
213,Nhân viên 213,Kế toán,1551,9
214,Nhân viên 214,Quản lý,937,3
215,Nhân viên 215,Nhân viên,564,4
216,Nhân viên 216,Nhân viên,1939,7
217,Nhân viên 217,Quản lý,1178,5
218,Nhân viên 218,Quản lý,1357,7
219,Nhân viên 219,Kỹ sư phần mềm,1135,10
220,Nhân viên 220,Kỹ sư phần mềm,1755,10
221,Nhân viên 221,Kỹ sư phần mềm,1245,3
222,Nhân viên 222,Kế toán,1053,6
223,Nhân viên 223,Kỹ sư phần mềm,657,8
224,Nhân viên 224,Marketing,1895,4
225,Nhân viên 225,Kỹ sư phần mềm,1068,2
226,Nhân viên 226,Quản lý,825,1
227,Nhân viên 227,Quản lý,1346,10
228,Nhân viên 228,Chuyên viên,1636,6
229,Nhân viên 229,Nhân viên,1519,4
230,Nhân viên 230,Tuyển dụng,916,3
231,Nhân viên 231,Quản lý dự án,1809,3
232,Nhân viên 232,Marketing,1611,6
233,Nhân viên 233,Quản lý dự án,1296,2
234,Nhân viên 234,Tuyển dụng,1113,6
235,Nhân viên 235,Kỹ sư phần mềm,1406,9
236,Nhân viên 236,Quản lý dự án,1311,10
237,Nhân viên 237,Kỹ sư phần mềm,645,5
238,Nhân viên 238,Nhân viên,687,9
239,Nhân viên 239,Tuyển dụng,1020,6
240,Nhân viên 240,Chuyên viên,1379,10
241,Nhân viên 241,Nhân viên,1903,4
242,Nhân viên 242,Quản lý,1813,3
243,Nhân viên 243,Quản lý,950,10
244,Nhân viên 244,Quản lý,1161,9
245,Nhân viên 245,Nhân viên,1860,8
246,Nhân viên 246,Marketing,1815,1
247,Nhân viên 247,Quản lý,1457,8
248,Nhân viên 248,Kế toán,1350,10
249,Nhân viên 249,Marketing,1542,3
250,Nhân viên 250,Quản lý,1134,4
251,Nhân viên 251,Quản lý dự án,1126,10
252,Nhân viên 252,Kế toán,730,8
253,Nhân viên 253,Quản lý,1752,6
254,Nhân viên 254,Kỹ sư phần mềm,608,9
255,Nhân viên 255,Quản lý,1660,5
256,Nhân viên 256,Kế toán,1873,3
257,Nhân viên 257,Chuyên viên,1881,5
258,Nhân viên 258,Kỹ sư phần mềm,1628,5
259,Nhân viên 259,Kỹ sư phần mềm,1960,9
260,Nhân viên 260,Tuyển dụng,1285,10
261,Nhân viên 261,Quản lý dự án,925,8
262,Nhân viên 262,Kế toán,1485,7
263,Nhân viên 263,Chuyên viên,576,9
264,Nhân viên 264,Chuyên viên,1348,3
265,Nhân viên 265,Kế toán,657,6
266,Nhân viên 266,Marketing,1146,1
267,Nhân viên 267,Quản lý,1217,6
268,Nhân viên 268,Quản lý dự án,1811,4
269,Nhân viên 269,Kế toán,1058,9
270,Nhân viên 270,Kỹ sư phần mềm,1003,5
271,Nhân viên 271,Kế toán,1348,6
272,Nhân viên 272,Kỹ sư phần mềm,1678,2
273,Nhân viên 273,Chuyên viên,1875,3
274,Nhân viên 274,Tuyển dụng,1003,9
275,Nhân viên 275,Quản lý,914,2
276,Nhân viên 276,Chuyên viên,1963,5
277,Nhân viên 277,Marketing,775,5
278,Nhân viên 278,Chuyên viên,1345,1
279,Nhân viên 279,Kế toán,1673,2
280,Nhân viên 280,Nhân viên,564,2
281,Nhân viên 281,Chuyên viên,1853,9
282,Nhân viên 282,Marketing,1105,4
283,Nhân viên 283,Tuyển dụng,683,5
284,Nhân viên 284,Kỹ sư phần mềm,1732,3
285,Nhân viên 285,Chuyên viên,1775,3
286,Nhân viên 286,Quản lý,626,6
287,Nhân viên 287,Quản lý,854,10
288,Nhân viên 288,Quản lý,1906,10
289,Nhân viên 289,Quản lý,1916,3
290,Nhân viên 290,Marketing,1300,1
291,Nhân viên 291,Kỹ sư phần mềm,754,7
292,Nhân viên 292,Nhân viên,1181,8
293,Nhân viên 293,Chuyên viên,1083,7
294,Nhân viên 294,Kỹ sư phần mềm,1664,1
295,Nhân viên 295,Kỹ sư phần mềm,1416,5
296,Nhân viên 296,Kế toán,1270,7
297,Nhân viên 297,Marketing,1151,7
298,Nhân viên 298,Nhân viên,667,9
299,Nhân viên 299,Tuyển dụng,1456,10
300,Nhân viên 300,Marketing,1968,6
301,Nhân viên 301,Marketing,648,6
302,Nhân viên 302,Chuyên viên,1421,10
303,Nhân viên 303,Quản lý,684,8
304,Nhân viên 304,Kế toán,511,5
305,Nhân viên 305,Nhân viên,604,4
306,Nhân viên 306,Quản lý,654,8
307,Nhân viên 307,Tuyển dụng,1234,8
308,Nhân viên 308,Marketing,1116,2
309,Nhân viên 309,Nhân viên,1008,4
310,Nhân viên 310,Nhân viên,1253,10
311,Nhân viên 311,Quản lý,1809,2
312,Nhân viên 312,Chuyên viên,801,4
313,Nhân viên 313,Tuyển dụng,1385,1
314,Nhân viên 314,Marketing,1206,7
315,Nhân viên 315,Kỹ sư phần mềm,1760,4
316,Nhân viên 316,Quản lý dự án,1151,2
317,Nhân viên 317,Kỹ sư phần mềm,1228,4
318,Nhân viên 318,Tuyển dụng,1511,1
319,Nhân viên 319,Tuyển dụng,1440,9
320,Nhân viên 320,Kỹ sư phần mềm,810,9
321,Nhân viên 321,Tuyển dụng,1466,7
322,Nhân viên 322,Quản lý dự án,1027,3
323,Nhân viên 323,Quản lý dự án,1004,5
324,Nhân viên 324,Chuyên viên,1883,2
325,Nhân viên 325,Marketing,915,8
326,Nhân viên 326,Kỹ sư phần mềm,1905,7
327,Nhân viên 327,Kế toán,803,4
328,Nhân viên 328,Quản lý,1205,4
329,Nhân viên 329,Kỹ sư phần mềm,1041,2
330,Nhân viên 330,Kế toán,969,7
331,Nhân viên 331,Chuyên viên,1706,7
332,Nhân viên 332,Kỹ sư phần mềm,1255,8
333,Nhân viên 333,Chuyên viên,860,3
334,Nhân viên 334,Marketing,1038,2
335,Nhân viên 335,Nhân viên,626,8
336,Nhân viên 336,Nhân viên,1975,9
337,Nhân viên 337,Nhân viên,1123,4
338,Nhân viên 338,Marketing,1319,8
339,Nhân viên 339,Chuyên viên,1396,6
340,Nhân viên 340,Kỹ sư phần mềm,830,7
341,Nhân viên 341,Kế toán,1016,7
342,Nhân viên 342,Kỹ sư phần mềm,1516,3
343,Nhân viên 343,Tuyển dụng,805,7
344,Nhân viên 344,Kế toán,1265,7
345,Nhân viên 345,Kế toán,883,5
346,Nhân viên 346,Tuyển dụng,1368,7
347,Nhân viên 347,Nhân viên,1670,7
348,Nhân viên 348,Quản lý dự án,1967,1
349,Nhân viên 349,Quản lý,1581,9
350,Nhân viên 350,Quản lý dự án,1480,1
351,Nhân viên 351,Chuyên viên,1524,2
352,Nhân viên 352,Marketing,1269,7
353,Nhân viên 353,Quản lý,1863,8
354,Nhân viên 354,Chuyên viên,1369,3
355,Nhân viên 355,Marketing,1653,1
356,Nhân viên 356,Quản lý dự án,1622,10
357,Nhân viên 357,Quản lý,1734,6
358,Nhân viên 358,Chuyên viên,1768,2
359,Nhân viên 359,Tuyển dụng,1734,1
360,Nhân viên 360,Marketing,1033,10
361,Nhân viên 361,Marketing,1316,9
362,Nhân viên 362,Quản lý,1330,7
363,Nhân viên 363,Kỹ sư phần mềm,876,7
364,Nhân viên 364,Quản lý dự án,1626,3
365,Nhân viên 365,Marketing,958,9
366,Nhân viên 366,Kỹ sư phần mềm,885,4
367,Nhân viên 367,Quản lý dự án,1367,8
368,Nhân viên 368,Kế toán,1255,3
369,Nhân viên 369,Nhân viên,786,4
370,Nhân viên 370,Quản lý dự án,1211,4
371,Nhân viên 371,Kế toán,1232,8
372,Nhân viên 372,Quản lý dự án,1534,9
373,Nhân viên 373,Quản lý dự án,1675,1
374,Nhân viên 374,Quản lý,1711,3
375,Nhân viên 375,Kế toán,1705,4
376,Nhân viên 376,Marketing,938,2
377,Nhân viên 377,Kế toán,869,5
378,Nhân viên 378,Kỹ sư phần mềm,1326,9
379,Nhân viên 379,Kế toán,1456,6
380,Nhân viên 380,Quản lý dự án,1798,8
381,Nhân viên 381,Kế toán,1936,8
382,Nhân viên 382,Kế toán,769,8
383,Nhân viên 383,Kế toán,538,4
384,Nhân viên 384,Kế toán,1917,3
385,Nhân viên 385,Kế toán,1234,8
386,Nhân viên 386,Nhân viên,1361,6
387,Nhân viên 387,Chuyên viên,613,4
388,Nhân viên 388,Kỹ sư phần mềm,1514,10
389,Nhân viên 389,Nhân viên,542,8
390,Nhân viên 390,Chuyên viên,993,8
391,Nhân viên 391,Nhân viên,563,7
392,Nhân viên 392,Marketing,1043,2
393,Nhân viên 393,Nhân viên,564,3
394,Nhân viên 394,Tuyển dụng,1328,2
395,Nhân viên 395,Kỹ sư phần mềm,1699,4
396,Nhân viên 396,Quản lý dự án,1339,9
397,Nhân viên 397,Nhân viên,532,2
398,Nhân viên 398,Quản lý,981,2
399,Nhân viên 399,Chuyên viên,1738,3
400,Nhân viên 400,Marketing,1921,5
401,Nhân viên 401,Quản lý,799,9
402,Nhân viên 402,Tuyển dụng,1465,9
403,Nhân viên 403,Nhân viên,1044,10
404,Nhân viên 404,Marketing,973,2
405,Nhân viên 405,Nhân viên,555,2
406,Nhân viên 406,Chuyên viên,770,1
407,Nhân viên 407,Chuyên viên,1109,2
408,Nhân viên 408,Marketing,1866,1
409,Nhân viên 409,Kỹ sư phần mềm,863,10
410,Nhân viên 410,Marketing,1808,5
411,Nhân viên 411,Chuyên viên,580,10
412,Nhân viên 412,Nhân viên,1867,2
413,Nhân viên 413,Quản lý,828,10
414,Nhân viên 414,Kỹ sư phần mềm,1533,7
415,Nhân viên 415,Nhân viên,1335,5
416,Nhân viên 416,Chuyên viên,1810,2
417,Nhân viên 417,Quản lý,1189,5
418,Nhân viên 418,Kỹ sư phần mềm,1915,6
419,Nhân viên 419,Tuyển dụng,1015,2
420,Nhân viên 420,Kỹ sư phần mềm,1669,5
421,Nhân viên 421,Quản lý dự án,1484,10
422,Nhân viên 422,Quản lý,871,10
423,Nhân viên 423,Marketing,1340,5
424,Nhân viên 424,Tuyển dụng,1533,10
425,Nhân viên 425,Kỹ sư phần mềm,704,6
426,Nhân viên 426,Marketing,695,7
427,Nhân viên 427,Kỹ sư phần mềm,1149,2
428,Nhân viên 428,Chuyên viên,1863,10
429,Nhân viên 429,Kế toán,817,5
430,Nhân viên 430,Kế toán,755,10
431,Nhân viên 431,Kế toán,1584,3
432,Nhân viên 432,Chuyên viên,698,2
433,Nhân viên 433,Nhân viên,869,5
434,Nhân viên 434,Nhân viên,1750,10
435,Nhân viên 435,Chuyên viên,984,2
436,Nhân viên 436,Quản lý,700,2
437,Nhân viên 437,Quản lý,1109,5
438,Nhân viên 438,Marketing,1172,5
439,Nhân viên 439,Nhân viên,999,7
440,Nhân viên 440,Quản lý dự án,549,1
441,Nhân viên 441,Chuyên viên,1493,5
442,Nhân viên 442,Kế toán,1754,10
443,Nhân viên 443,Nhân viên,1702,3
444,Nhân viên 444,Chuyên viên,1955,3
445,Nhân viên 445,Chuyên viên,683,9
446,Nhân viên 446,Marketing,722,3
447,Nhân viên 447,Tuyển dụng,1571,2
448,Nhân viên 448,Quản lý,1518,8
449,Nhân viên 449,Tuyển dụng,695,6
450,Nhân viên 450,Nhân viên,585,2
451,Nhân viên 451,Quản lý dự án,559,6
452,Nhân viên 452,Kế toán,1961,4
453,Nhân viên 453,Kỹ sư phần mềm,1630,4
454,Nhân viên 454,Quản lý,554,5
455,Nhân viên 455,Kế toán,1372,9
456,Nhân viên 456,Nhân viên,1872,5
457,Nhân viên 457,Chuyên viên,602,7
458,Nhân viên 458,Kỹ sư phần mềm,1473,1
459,Nhân viên 459,Quản lý,728,2
460,Nhân viên 460,Marketing,1212,9
461,Nhân viên 461,Quản lý dự án,1705,9
462,Nhân viên 462,Marketing,1166,7
463,Nhân viên 463,Tuyển dụng,748,2
464,Nhân viên 464,Marketing,1187,4
465,Nhân viên 465,Nhân viên,1923,1
466,Nhân viên 466,Quản lý,707,5
467,Nhân viên 467,Nhân viên,1376,5
468,Nhân viên 468,Quản lý,1268,3
469,Nhân viên 469,Quản lý,1637,7
470,Nhân viên 470,Quản lý,1514,2
471,Nhân viên 471,Quản lý dự án,1520,10
472,Nhân viên 472,Marketing,1911,2
473,Nhân viên 473,Nhân viên,828,1
474,Nhân viên 474,Quản lý,1189,10
475,Nhân viên 475,Nhân viên,1026,6
476,Nhân viên 476,Chuyên viên,1400,9
477,Nhân viên 477,Kỹ sư phần mềm,1660,6
478,Nhân viên 478,Marketing,1776,9
479,Nhân viên 479,Chuyên viên,975,6
480,Nhân viên 480,Kế toán,1393,6
481,Nhân viên 481,Quản lý,1077,4
482,Nhân viên 482,Tuyển dụng,1453,10
483,Nhân viên 483,Kế toán,713,8
484,Nhân viên 484,Tuyển dụng,1902,9
485,Nhân viên 485,Marketing,1548,7
486,Nhân viên 486,Kỹ sư phần mềm,552,8
487,Nhân viên 487,Kỹ sư phần mềm,1597,6
488,Nhân viên 488,Kế toán,520,3
489,Nhân viên 489,Quản lý dự án,707,4
490,Nhân viên 490,Kỹ sư phần mềm,1320,9
491,Nhân viên 491,Marketing,1615,9
492,Nhân viên 492,Quản lý,1038,1
493,Nhân viên 493,Chuyên viên,511,10
494,Nhân viên 494,Nhân viên,1993,7
495,Nhân viên 495,Tuyển dụng,905,9
496,Nhân viên 496,Chuyên viên,1664,4
497,Nhân viên 497,Nhân viên,1632,4
498,Nhân viên 498,Chuyên viên,1174,2
499,Nhân viên 499,Tuyển dụng,806,9
500,Nhân viên 500,Marketing,1823,5
501,Nhân viên 501,Kế toán,1257,7
502,Nhân viên 502,Nhân viên,1807,7
503,Nhân viên 503,Kỹ sư phần mềm,1823,6
504,Nhân viên 504,Quản lý dự án,1317,7
505,Nhân viên 505,Marketing,1002,10
506,Nhân viên 506,Nhân viên,1456,2
507,Nhân viên 507,Chuyên viên,1379,7
508,Nhân viên 508,Chuyên viên,1455,7
509,Nhân viên 509,Marketing,1887,10
510,Nhân viên 510,Quản lý,818,9
511,Nhân viên 511,Quản lý dự án,1247,3
512,Nhân viên 512,Tuyển dụng,1486,9
513,Nhân viên 513,Kỹ sư phần mềm,1274,8
514,Nhân viên 514,Kế toán,562,3
515,Nhân viên 515,Nhân viên,1660,1
516,Nhân viên 516,Chuyên viên,648,8
517,Nhân viên 517,Kỹ sư phần mềm,1272,9
518,Nhân viên 518,Tuyển dụng,1263,1
519,Nhân viên 519,Nhân viên,684,3
520,Nhân viên 520,Kỹ sư phần mềm,1202,6
521,Nhân viên 521,Quản lý dự án,1719,3
522,Nhân viên 522,Tuyển dụng,1355,1
523,Nhân viên 523,Marketing,514,9
524,Nhân viên 524,Kế toán,1918,7
525,Nhân viên 525,Marketing,1451,1
526,Nhân viên 526,Nhân viên,1306,5
527,Nhân viên 527,Chuyên viên,1593,8
528,Nhân viên 528,Kế toán,908,7
529,Nhân viên 529,Nhân viên,1755,4
530,Nhân viên 530,Nhân viên,1949,6
531,Nhân viên 531,Tuyển dụng,537,2
532,Nhân viên 532,Kế toán,1607,1
533,Nhân viên 533,Kỹ sư phần mềm,1724,4
534,Nhân viên 534,Kế toán,1064,9
535,Nhân viên 535,Marketing,1687,3
536,Nhân viên 536,Kỹ sư phần mềm,1289,6
537,Nhân viên 537,Kế toán,1224,3
538,Nhân viên 538,Tuyển dụng,502,5
539,Nhân viên 539,Chuyên viên,1388,9
540,Nhân viên 540,Kỹ sư phần mềm,964,7
541,Nhân viên 541,Quản lý dự án,1484,5
542,Nhân viên 542,Marketing,553,9
543,Nhân viên 543,Marketing,1677,8
544,Nhân viên 544,Nhân viên,1243,6
545,Nhân viên 545,Kỹ sư phần mềm,950,6
546,Nhân viên 546,Chuyên viên,1788,9
547,Nhân viên 547,Nhân viên,1933,7
548,Nhân viên 548,Kỹ sư phần mềm,1524,8
549,Nhân viên 549,Tuyển dụng,1903,5
550,Nhân viên 550,Marketing,1395,2
551,Nhân viên 551,Chuyên viên,562,10
552,Nhân viên 552,Kỹ sư phần mềm,798,5
553,Nhân viên 553,Quản lý,611,5
554,Nhân viên 554,Quản lý dự án,1981,10
555,Nhân viên 555,Kỹ sư phần mềm,800,5
556,Nhân viên 556,Nhân viên,1851,4
557,Nhân viên 557,Tuyển dụng,1104,7
558,Nhân viên 558,Chuyên viên,795,3
559,Nhân viên 559,Chuyên viên,1023,7
560,Nhân viên 560,Tuyển dụng,609,7
561,Nhân viên 561,Nhân viên,851,4
562,Nhân viên 562,Kế toán,1152,3
563,Nhân viên 563,Quản lý dự án,1276,3
564,Nhân viên 564,Marketing,1681,3
565,Nhân viên 565,Kế toán,690,1
566,Nhân viên 566,Tuyển dụng,1857,8
567,Nhân viên 567,Quản lý dự án,1577,1
568,Nhân viên 568,Quản lý,910,7
569,Nhân viên 569,Quản lý dự án,670,4
570,Nhân viên 570,Quản lý,1898,8
571,Nhân viên 571,Chuyên viên,1589,4
572,Nhân viên 572,Nhân viên,1654,10
573,Nhân viên 573,Marketing,1555,5
574,Nhân viên 574,Kỹ sư phần mềm,1178,7
575,Nhân viên 575,Kỹ sư phần mềm,1634,8
576,Nhân viên 576,Nhân viên,986,3
577,Nhân viên 577,Quản lý dự án,1553,6
578,Nhân viên 578,Chuyên viên,1455,10
579,Nhân viên 579,Chuyên viên,1470,2
580,Nhân viên 580,Tuyển dụng,744,9
581,Nhân viên 581,Chuyên viên,1656,3
582,Nhân viên 582,Quản lý,1526,1
583,Nhân viên 583,Quản lý,806,9
584,Nhân viên 584,Tuyển dụng,1564,5
585,Nhân viên 585,Quản lý dự án,1476,3
586,Nhân viên 586,Nhân viên,967,4
587,Nhân viên 587,Nhân viên,1060,7
588,Nhân viên 588,Tuyển dụng,862,9
589,Nhân viên 589,Chuyên viên,1105,4
590,Nhân viên 590,Kỹ sư phần mềm,1195,9
591,Nhân viên 591,Quản lý,1450,8
592,Nhân viên 592,Quản lý dự án,658,8
593,Nhân viên 593,Tuyển dụng,1850,7
594,Nhân viên 594,Chuyên viên,1996,7
595,Nhân viên 595,Kế toán,876,5
596,Nhân viên 596,Quản lý,1734,8
597,Nhân viên 597,Kỹ sư phần mềm,861,4
598,Nhân viên 598,Kỹ sư phần mềm,1307,10
599,Nhân viên 599,Nhân viên,1359,4
600,Nhân viên 600,Marketing,661,1
601,Nhân viên 601,Chuyên viên,1372,8
602,Nhân viên 602,Chuyên viên,1242,10
603,Nhân viên 603,Nhân viên,807,8
604,Nhân viên 604,Kế toán,1119,8
605,Nhân viên 605,Nhân viên,1347,8
606,Nhân viên 606,Chuyên viên,1278,6
607,Nhân viên 607,Tuyển dụng,1144,2
608,Nhân viên 608,Kỹ sư phần mềm,660,5
609,Nhân viên 609,Quản lý,1774,1
610,Nhân viên 610,Quản lý dự án,1503,7
611,Nhân viên 611,Kế toán,989,6
612,Nhân viên 612,Chuyên viên,1731,8
613,Nhân viên 613,Kỹ sư phần mềm,1822,3
614,Nhân viên 614,Nhân viên,1258,9
615,Nhân viên 615,Quản lý,1926,2
616,Nhân viên 616,Chuyên viên,1541,1
617,Nhân viên 617,Marketing,819,9
618,Nhân viên 618,Kỹ sư phần mềm,913,10
619,Nhân viên 619,Tuyển dụng,937,3
620,Nhân viên 620,Chuyên viên,899,3
621,Nhân viên 621,Quản lý,1863,4
622,Nhân viên 622,Quản lý,538,8
623,Nhân viên 623,Quản lý dự án,900,9
624,Nhân viên 624,Kỹ sư phần mềm,1980,1
625,Nhân viên 625,Nhân viên,1152,8
626,Nhân viên 626,Marketing,615,10
627,Nhân viên 627,Tuyển dụng,699,4
628,Nhân viên 628,Kế toán,1274,9
629,Nhân viên 629,Kế toán,759,2
630,Nhân viên 630,Tuyển dụng,1057,7
631,Nhân viên 631,Marketing,1482,10
632,Nhân viên 632,Tuyển dụng,711,4
633,Nhân viên 633,Marketing,1123,4
634,Nhân viên 634,Quản lý,1311,5
635,Nhân viên 635,Quản lý,1783,10
636,Nhân viên 636,Quản lý,1844,3
637,Nhân viên 637,Quản lý,1858,5
638,Nhân viên 638,Kế toán,1692,2
639,Nhân viên 639,Tuyển dụng,990,7
640,Nhân viên 640,Marketing,1777,8
641,Nhân viên 641,Chuyên viên,958,7
642,Nhân viên 642,Chuyên viên,1793,3
643,Nhân viên 643,Tuyển dụng,630,5
644,Nhân viên 644,Chuyên viên,589,6
645,Nhân viên 645,Kỹ sư phần mềm,1705,8
646,Nhân viên 646,Tuyển dụng,1352,3
647,Nhân viên 647,Quản lý dự án,1471,4
648,Nhân viên 648,Quản lý,1867,6
649,Nhân viên 649,Chuyên viên,1886,7
650,Nhân viên 650,Tuyển dụng,1466,2
651,Nhân viên 651,Kỹ sư phần mềm,1562,10
652,Nhân viên 652,Nhân viên,789,7
653,Nhân viên 653,Marketing,1896,4
654,Nhân viên 654,Kế toán,1661,10
655,Nhân viên 655,Marketing,1189,2
656,Nhân viên 656,Chuyên viên,570,6
657,Nhân viên 657,Tuyển dụng,875,4
658,Nhân viên 658,Kế toán,973,3
659,Nhân viên 659,Quản lý dự án,658,7
660,Nhân viên 660,Nhân viên,1403,8
661,Nhân viên 661,Quản lý,1596,2
662,Nhân viên 662,Kế toán,1564,5
663,Nhân viên 663,Tuyển dụng,1900,2
664,Nhân viên 664,Kế toán,1442,6
665,Nhân viên 665,Tuyển dụng,1641,8
666,Nhân viên 666,Chuyên viên,1399,8
667,Nhân viên 667,Quản lý,1607,3
668,Nhân viên 668,Quản lý dự án,917,6
669,Nhân viên 669,Marketing,1085,5
670,Nhân viên 670,Kỹ sư phần mềm,1263,2
671,Nhân viên 671,Quản lý dự án,547,1
672,Nhân viên 672,Tuyển dụng,747,9
673,Nhân viên 673,Quản lý dự án,1894,9
674,Nhân viên 674,Tuyển dụng,1094,6
675,Nhân viên 675,Quản lý dự án,1190,8
676,Nhân viên 676,Nhân viên,1100,4
677,Nhân viên 677,Kế toán,1876,4
678,Nhân viên 678,Chuyên viên,1385,7
679,Nhân viên 679,Nhân viên,598,6
680,Nhân viên 680,Quản lý,1798,4
681,Nhân viên 681,Quản lý dự án,1843,9
682,Nhân viên 682,Marketing,1948,5
683,Nhân viên 683,Kỹ sư phần mềm,1750,8
684,Nhân viên 684,Nhân viên,1427,3
685,Nhân viên 685,Nhân viên,538,5
686,Nhân viên 686,Kỹ sư phần mềm,1786,10
687,Nhân viên 687,Tuyển dụng,660,3
688,Nhân viên 688,Quản lý dự án,1754,6
689,Nhân viên 689,Kế toán,1657,10
690,Nhân viên 690,Kế toán,584,9
691,Nhân viên 691,Tuyển dụng,1297,10
692,Nhân viên 692,Nhân viên,1806,2
693,Nhân viên 693,Quản lý,1109,1
694,Nhân viên 694,Quản lý dự án,1932,5
695,Nhân viên 695,Tuyển dụng,1874,2
696,Nhân viên 696,Kỹ sư phần mềm,1228,5
697,Nhân viên 697,Chuyên viên,925,9
698,Nhân viên 698,Kỹ sư phần mềm,1824,4
699,Nhân viên 699,Chuyên viên,1720,4
700,Nhân viên 700,Tuyển dụng,501,3
701,Nhân viên 701,Quản lý,1720,4
702,Nhân viên 702,Quản lý dự án,1513,1
703,Nhân viên 703,Kỹ sư phần mềm,862,6
704,Nhân viên 704,Marketing,1862,4
705,Nhân viên 705,Marketing,1055,7
706,Nhân viên 706,Quản lý dự án,1963,4
707,Nhân viên 707,Nhân viên,1204,10
708,Nhân viên 708,Quản lý,1121,7
709,Nhân viên 709,Quản lý,984,10
710,Nhân viên 710,Quản lý dự án,1546,1
711,Nhân viên 711,Quản lý dự án,1815,1
712,Nhân viên 712,Chuyên viên,632,8
713,Nhân viên 713,Kỹ sư phần mềm,808,4
714,Nhân viên 714,Quản lý dự án,927,1
715,Nhân viên 715,Chuyên viên,1543,6
716,Nhân viên 716,Marketing,966,5
717,Nhân viên 717,Quản lý dự án,619,7
718,Nhân viên 718,Quản lý dự án,1179,9
719,Nhân viên 719,Quản lý dự án,1080,1
720,Nhân viên 720,Quản lý dự án,1371,1
721,Nhân viên 721,Chuyên viên,1342,5
722,Nhân viên 722,Quản lý,1937,8
723,Nhân viên 723,Tuyển dụng,1586,9
724,Nhân viên 724,Kỹ sư phần mềm,1711,6
725,Nhân viên 725,Quản lý dự án,874,6
726,Nhân viên 726,Marketing,1769,1
727,Nhân viên 727,Chuyên viên,734,2
728,Nhân viên 728,Quản lý,1483,2
729,Nhân viên 729,Chuyên viên,1526,2
730,Nhân viên 730,Marketing,763,3
731,Nhân viên 731,Marketing,1553,3
732,Nhân viên 732,Quản lý dự án,842,8
733,Nhân viên 733,Chuyên viên,1124,4
734,Nhân viên 734,Nhân viên,590,4
735,Nhân viên 735,Kỹ sư phần mềm,1187,8
736,Nhân viên 736,Chuyên viên,970,1
737,Nhân viên 737,Marketing,836,3
738,Nhân viên 738,Marketing,777,9
739,Nhân viên 739,Nhân viên,1969,7
740,Nhân viên 740,Tuyển dụng,1712,8
741,Nhân viên 741,Chuyên viên,1724,9
742,Nhân viên 742,Tuyển dụng,814,7
743,Nhân viên 743,Kỹ sư phần mềm,1922,10
744,Nhân viên 744,Tuyển dụng,1095,5
745,Nhân viên 745,Marketing,1655,10
746,Nhân viên 746,Quản lý,798,4
747,Nhân viên 747,Quản lý,517,6
748,Nhân viên 748,Quản lý,1795,5
749,Nhân viên 749,Quản lý,666,1
750,Nhân viên 750,Chuyên viên,737,4
751,Nhân viên 751,Kỹ sư phần mềm,1187,1
752,Nhân viên 752,Quản lý,1615,10
753,Nhân viên 753,Chuyên viên,1223,6
754,Nhân viên 754,Marketing,1064,10
755,Nhân viên 755,Kỹ sư phần mềm,1837,1
756,Nhân viên 756,Chuyên viên,613,1
757,Nhân viên 757,Tuyển dụng,1686,5
758,Nhân viên 758,Quản lý,1810,1
759,Nhân viên 759,Nhân viên,1628,9
760,Nhân viên 760,Kế toán,1330,10
761,Nhân viên 761,Quản lý,1914,5
762,Nhân viên 762,Nhân viên,1570,10
763,Nhân viên 763,Marketing,1833,7
764,Nhân viên 764,Quản lý,1564,5
765,Nhân viên 765,Nhân viên,638,7
766,Nhân viên 766,Quản lý dự án,929,2
767,Nhân viên 767,Nhân viên,978,3
768,Nhân viên 768,Kỹ sư phần mềm,920,4
769,Nhân viên 769,Kế toán,861,3
770,Nhân viên 770,Chuyên viên,1573,4
771,Nhân viên 771,Nhân viên,732,8
772,Nhân viên 772,Kế toán,1469,10
773,Nhân viên 773,Quản lý dự án,566,3
774,Nhân viên 774,Quản lý,998,7
775,Nhân viên 775,Kỹ sư phần mềm,1479,9
776,Nhân viên 776,Quản lý dự án,840,3
777,Nhân viên 777,Quản lý dự án,1719,8
778,Nhân viên 778,Chuyên viên,1045,1
779,Nhân viên 779,Kế toán,1758,3
780,Nhân viên 780,Tuyển dụng,588,6
781,Nhân viên 781,Kỹ sư phần mềm,898,10
782,Nhân viên 782,Marketing,1184,8
783,Nhân viên 783,Kỹ sư phần mềm,1565,3
784,Nhân viên 784,Chuyên viên,723,1
785,Nhân viên 785,Tuyển dụng,578,8
786,Nhân viên 786,Marketing,1351,6
787,Nhân viên 787,Quản lý,633,9
788,Nhân viên 788,Marketing,1306,9
789,Nhân viên 789,Kỹ sư phần mềm,1583,6
790,Nhân viên 790,Kế toán,1924,1
791,Nhân viên 791,Marketing,1077,10
792,Nhân viên 792,Quản lý dự án,1030,1
793,Nhân viên 793,Quản lý dự án,1109,3
794,Nhân viên 794,Nhân viên,508,9
795,Nhân viên 795,Chuyên viên,970,2
796,Nhân viên 796,Chuyên viên,1091,2
797,Nhân viên 797,Kế toán,1184,8
798,Nhân viên 798,Kế toán,566,6
799,Nhân viên 799,Nhân viên,530,2
800,Nhân viên 800,Kế toán,636,6
801,Nhân viên 801,Kế toán,1667,2
802,Nhân viên 802,Chuyên viên,1953,2
803,Nhân viên 803,Tuyển dụng,1846,6
804,Nhân viên 804,Kế toán,901,2
805,Nhân viên 805,Marketing,1848,9
806,Nhân viên 806,Kế toán,1933,1
807,Nhân viên 807,Tuyển dụng,610,5
808,Nhân viên 808,Chuyên viên,944,8
809,Nhân viên 809,Kế toán,1474,5
810,Nhân viên 810,Kỹ sư phần mềm,1120,4
811,Nhân viên 811,Kỹ sư phần mềm,994,5
812,Nhân viên 812,Kế toán,1343,3
813,Nhân viên 813,Quản lý dự án,1486,1
814,Nhân viên 814,Kế toán,755,1
815,Nhân viên 815,Nhân viên,968,4
816,Nhân viên 816,Kỹ sư phần mềm,1845,5
817,Nhân viên 817,Kế toán,1283,1
818,Nhân viên 818,Tuyển dụng,511,5
819,Nhân viên 819,Marketing,1366,6
820,Nhân viên 820,Marketing,1471,9
821,Nhân viên 821,Kế toán,1367,7
822,Nhân viên 822,Marketing,832,4
823,Nhân viên 823,Marketing,774,8
824,Nhân viên 824,Marketing,1351,10
825,Nhân viên 825,Marketing,1921,1
826,Nhân viên 826,Quản lý,1279,1
827,Nhân viên 827,Kế toán,1863,5
828,Nhân viên 828,Nhân viên,1496,9
829,Nhân viên 829,Quản lý,1350,5
830,Nhân viên 830,Marketing,1374,4
831,Nhân viên 831,Kế toán,924,4
832,Nhân viên 832,Tuyển dụng,858,9
833,Nhân viên 833,Quản lý,977,10
834,Nhân viên 834,Marketing,1066,8
835,Nhân viên 835,Quản lý,1751,10
836,Nhân viên 836,Tuyển dụng,1078,2
837,Nhân viên 837,Chuyên viên,1456,8
838,Nhân viên 838,Chuyên viên,1709,5
839,Nhân viên 839,Tuyển dụng,638,5
840,Nhân viên 840,Tuyển dụng,942,9
841,Nhân viên 841,Kế toán,1983,10
842,Nhân viên 842,Quản lý,798,3
843,Nhân viên 843,Kỹ sư phần mềm,1650,7
844,Nhân viên 844,Quản lý dự án,1197,6
845,Nhân viên 845,Quản lý,1119,3
846,Nhân viên 846,Kỹ sư phần mềm,1358,7
847,Nhân viên 847,Kỹ sư phần mềm,888,3
848,Nhân viên 848,Kế toán,1912,4
849,Nhân viên 849,Quản lý,987,7
850,Nhân viên 850,Kỹ sư phần mềm,708,1
851,Nhân viên 851,Tuyển dụng,637,2
852,Nhân viên 852,Chuyên viên,971,3
853,Nhân viên 853,Marketing,1775,6
854,Nhân viên 854,Marketing,1405,4
855,Nhân viên 855,Marketing,1138,4
856,Nhân viên 856,Quản lý,1646,2
857,Nhân viên 857,Chuyên viên,526,6
858,Nhân viên 858,Chuyên viên,1967,5
859,Nhân viên 859,Tuyển dụng,1928,7
860,Nhân viên 860,Quản lý,506,4
861,Nhân viên 861,Chuyên viên,794,4
862,Nhân viên 862,Kỹ sư phần mềm,1290,7
863,Nhân viên 863,Marketing,1643,9
864,Nhân viên 864,Quản lý dự án,1680,3
865,Nhân viên 865,Kế toán,769,2
866,Nhân viên 866,Quản lý,1455,6
867,Nhân viên 867,Quản lý dự án,904,8
868,Nhân viên 868,Nhân viên,1140,9
869,Nhân viên 869,Marketing,764,7
870,Nhân viên 870,Marketing,893,1
871,Nhân viên 871,Quản lý,1595,8
872,Nhân viên 872,Kế toán,1985,6
873,Nhân viên 873,Kế toán,1725,6
874,Nhân viên 874,Marketing,926,8
875,Nhân viên 875,Chuyên viên,1284,5
876,Nhân viên 876,Nhân viên,1658,9
877,Nhân viên 877,Marketing,1521,7
878,Nhân viên 878,Chuyên viên,1050,7
879,Nhân viên 879,Tuyển dụng,1839,3
880,Nhân viên 880,Tuyển dụng,628,9
881,Nhân viên 881,Kế toán,1761,10
882,Nhân viên 882,Quản lý,1770,7
883,Nhân viên 883,Kỹ sư phần mềm,1189,1
884,Nhân viên 884,Chuyên viên,1350,7
885,Nhân viên 885,Tuyển dụng,1967,2
886,Nhân viên 886,Quản lý,522,5
887,Nhân viên 887,Quản lý dự án,1277,5
888,Nhân viên 888,Quản lý,925,3
889,Nhân viên 889,Kỹ sư phần mềm,1530,7
890,Nhân viên 890,Tuyển dụng,1458,9
891,Nhân viên 891,Quản lý,1859,1
892,Nhân viên 892,Kỹ sư phần mềm,652,2
893,Nhân viên 893,Nhân viên,1033,4
894,Nhân viên 894,Quản lý,1459,5
895,Nhân viên 895,Kế toán,1337,3
896,Nhân viên 896,Nhân viên,896,1
897,Nhân viên 897,Quản lý dự án,1448,8
898,Nhân viên 898,Kế toán,987,4
899,Nhân viên 899,Kỹ sư phần mềm,912,7
900,Nhân viên 900,Chuyên viên,1356,5
901,Nhân viên 901,Quản lý,1489,4
902,Nhân viên 902,Nhân viên,1642,6
903,Nhân viên 903,Tuyển dụng,1140,8
904,Nhân viên 904,Quản lý,727,4
905,Nhân viên 905,Nhân viên,508,6
906,Nhân viên 906,Kế toán,1363,7
907,Nhân viên 907,Marketing,1308,3
908,Nhân viên 908,Quản lý,566,9
909,Nhân viên 909,Marketing,1085,7
910,Nhân viên 910,Tuyển dụng,718,1
911,Nhân viên 911,Tuyển dụng,1696,6
912,Nhân viên 912,Quản lý,1803,6
913,Nhân viên 913,Kế toán,1973,8
914,Nhân viên 914,Marketing,1547,4
915,Nhân viên 915,Kế toán,1409,9
916,Nhân viên 916,Nhân viên,1301,1
917,Nhân viên 917,Chuyên viên,1164,8
918,Nhân viên 918,Tuyển dụng,1707,2
919,Nhân viên 919,Kế toán,1496,5
920,Nhân viên 920,Kỹ sư phần mềm,642,6
921,Nhân viên 921,Kế toán,757,4
922,Nhân viên 922,Chuyên viên,1996,10
923,Nhân viên 923,Marketing,1211,6
924,Nhân viên 924,Marketing,1975,9
925,Nhân viên 925,Chuyên viên,742,4
926,Nhân viên 926,Chuyên viên,1384,3
927,Nhân viên 927,Kế toán,1259,6
928,Nhân viên 928,Marketing,1391,7
929,Nhân viên 929,Quản lý,1197,10
930,Nhân viên 930,Kế toán,861,1
931,Nhân viên 931,Marketing,1946,2
932,Nhân viên 932,Tuyển dụng,1503,4
933,Nhân viên 933,Kế toán,1493,10
934,Nhân viên 934,Quản lý,1323,2
935,Nhân viên 935,Chuyên viên,1230,6
936,Nhân viên 936,Marketing,1455,4
937,Nhân viên 937,Chuyên viên,1769,10
938,Nhân viên 938,Quản lý,1361,9
939,Nhân viên 939,Quản lý dự án,1524,1
940,Nhân viên 940,Quản lý,1737,8
941,Nhân viên 941,Chuyên viên,1066,8
942,Nhân viên 942,Kế toán,1659,10
943,Nhân viên 943,Quản lý,1142,3
944,Nhân viên 944,Quản lý dự án,1726,2
945,Nhân viên 945,Tuyển dụng,1045,8
946,Nhân viên 946,Quản lý,1476,2
947,Nhân viên 947,Kế toán,744,5
948,Nhân viên 948,Nhân viên,987,10
949,Nhân viên 949,Kế toán,580,7
950,Nhân viên 950,Quản lý dự án,564,3
951,Nhân viên 951,Quản lý dự án,1545,7
952,Nhân viên 952,Tuyển dụng,1835,1
953,Nhân viên 953,Kế toán,1396,3
954,Nhân viên 954,Nhân viên,1799,2
955,Nhân viên 955,Chuyên viên,522,4
956,Nhân viên 956,Kế toán,1039,4
957,Nhân viên 957,Marketing,1625,8
958,Nhân viên 958,Tuyển dụng,1240,6
959,Nhân viên 959,Quản lý,1608,2
960,Nhân viên 960,Tuyển dụng,609,2
961,Nhân viên 961,Quản lý dự án,1004,10
962,Nhân viên 962,Kỹ sư phần mềm,505,10
963,Nhân viên 963,Tuyển dụng,1736,10
964,Nhân viên 964,Kỹ sư phần mềm,1139,3
965,Nhân viên 965,Quản lý dự án,1297,7
966,Nhân viên 966,Quản lý dự án,738,7
967,Nhân viên 967,Nhân viên,1437,2
968,Nhân viên 968,Kế toán,1279,4
969,Nhân viên 969,Nhân viên,1535,9
970,Nhân viên 970,Tuyển dụng,1884,1
971,Nhân viên 971,Marketing,840,7
972,Nhân viên 972,Kế toán,569,1
973,Nhân viên 973,Kế toán,791,7
974,Nhân viên 974,Quản lý dự án,1678,9
975,Nhân viên 975,Tuyển dụng,823,5
976,Nhân viên 976,Chuyên viên,691,1
977,Nhân viên 977,Nhân viên,1055,9
978,Nhân viên 978,Kỹ sư phần mềm,1956,2
979,Nhân viên 979,Kế toán,1945,4
980,Nhân viên 980,Nhân viên,1246,10
981,Nhân viên 981,Kỹ sư phần mềm,1590,9
982,Nhân viên 982,Marketing,880,10
983,Nhân viên 983,Chuyên viên,1122,3
984,Nhân viên 984,Tuyển dụng,602,3
985,Nhân viên 985,Nhân viên,531,6
986,Nhân viên 986,Quản lý,665,6
987,Nhân viên 987,Kỹ sư phần mềm,1647,3
988,Nhân viên 988,Kế toán,559,2
989,Nhân viên 989,Kế toán,1295,7
990,Nhân viên 990,Kỹ sư phần mềm,1737,9
991,Nhân viên 991,Tuyển dụng,996,9
992,Nhân viên 992,Marketing,530,5
993,Nhân viên 993,Chuyên viên,1115,5
994,Nhân viên 994,Tuyển dụng,1948,4
995,Nhân viên 995,Tuyển dụng,1656,1
996,Nhân viên 996,Kỹ sư phần mềm,1078,10
997,Nhân viên 997,Chuyên viên,736,4
998,Nhân viên 998,Kế toán,1098,8
999,Nhân viên 999,Nhân viên,973,3
1000,Nhân viên 1000,Kỹ sư phần mềm,1349,8
